file_name,label
track1.npz,-1
track10.npz,-1
track100.npz,-1
track101.npz,-1
track102.npz,-1
track103.npz,-1
track104.npz,-1
track105.npz,-1
track106.npz,-1
track107.npz,-1
track108.npz,-1
track109.npz,-1
track11.npz,-1
track110.npz,-1
track111.npz,-1
track112.npz,-1
track113.npz,-1
track114.npz,-1
track115.npz,-1
track116.npz,-1
track117.npz,-1
track118.npz,-1
track119.npz,-1
track12.npz,-1
track120.npz,-1
track121.npz,-1
track122.npz,-1
track123.npz,-1
track124.npz,-1
track125.npz,-1
track126.npz,-1
track127.npz,-1
track128.npz,-1
track129.npz,-1
track13.npz,-1
track130.npz,-1
track131.npz,-1
track133.npz,-1
track134.npz,-1
track135.npz,-1
track136.npz,-1
track137.npz,-1
track139.npz,-1
track14.npz,-1
track140.npz,-1
track141.npz,-1
track142.npz,-1
track143.npz,-1
track144.npz,-1
track145.npz,-1
track147.npz,-1
track148.npz,-1
track149.npz,-1
track15.npz,-1
track150.npz,-1
track151.npz,-1
track152.npz,-1
track153.npz,-1
track154.npz,-1
track155.npz,-1
track156.npz,-1
track158.npz,-1
track159.npz,-1
track16.npz,-1
track160.npz,-1
track161.npz,-1
track162.npz,-1
track163.npz,-1
track164.npz,-1
track165.npz,-1
track166.npz,-1
track167.npz,-1
track168.npz,-1
track169.npz,-1
track17.npz,-1
track170.npz,-1
track171.npz,-1
track172.npz,-1
track173.npz,-1
track174.npz,-1
track175.npz,-1
track176.npz,-1
track177.npz,-1
track178.npz,-1
track179.npz,-1
track18.npz,-1
track180.npz,-1
track181.npz,-1
track182.npz,-1
track183.npz,-1
track185.npz,-1
track186.npz,-1
track188.npz,-1
track189.npz,-1
track19.npz,-1
track190.npz,-1
track191.npz,-1
track192.npz,-1
track193.npz,-1
track194.npz,-1
track195.npz,-1
track196.npz,-1
track197.npz,-1
track198.npz,-1
track199.npz,-1
track2.npz,-1
track20.npz,-1
track200.npz,-1
track201.npz,-1
track202.npz,-1
track203.npz,-1
track204.npz,-1
track205.npz,-1
track206.npz,-1
track207.npz,-1
track208.npz,-1
track209.npz,-1
track21.npz,-1
track210.npz,-1
track211.npz,-1
track212.npz,-1
track213.npz,-1
track214.npz,-1
track215.npz,-1
track216.npz,-1
track218.npz,-1
track219.npz,-1
track22.npz,-1
track220.npz,-1
track221.npz,-1
track222.npz,-1
track224.npz,-1
track225.npz,-1
track227.npz,-1
track228.npz,-1
track229.npz,-1
track23.npz,-1
track232.npz,-1
track233.npz,-1
track234.npz,-1
track235.npz,-1
track236.npz,-1
track237.npz,-1
track238.npz,-1
track239.npz,-1
track24.npz,-1
track240.npz,-1
track242.npz,-1
track243.npz,-1
track244.npz,-1
track245.npz,-1
track246.npz,-1
track249.npz,-1
track25.npz,-1
track250.npz,-1
track251.npz,-1
track252.npz,-1
track253.npz,-1
track254.npz,-1
track256.npz,-1
track257.npz,-1
track258.npz,-1
track259.npz,-1
track26.npz,-1
track260.npz,-1
track261.npz,-1
track262.npz,-1
track263.npz,-1
track264.npz,-1
track265.npz,-1
track266.npz,-1
track267.npz,-1
track268.npz,-1
track269.npz,-1
track27.npz,-1
track270.npz,-1
track271.npz,-1
track272.npz,-1
track274.npz,-1
track275.npz,-1
track276.npz,-1
track277.npz,-1
track278.npz,-1
track279.npz,-1
track28.npz,-1
track280.npz,-1
track281.npz,-1
track282.npz,-1
track283.npz,-1
track284.npz,-1
track285.npz,-1
track286.npz,-1
track287.npz,-1
track288.npz,-1
track289.npz,-1
track29.npz,-1
track290.npz,-1
track291.npz,-1
track292.npz,-1
track293.npz,-1
track294.npz,-1
track295.npz,-1
track296.npz,-1
track297.npz,-1
track298.npz,-1
track299.npz,-1
track3.npz,-1
track30.npz,-1
track300.npz,-1
track301.npz,-1
track302.npz,-1
track303.npz,-1
track304.npz,-1
track305.npz,-1
track307.npz,-1
track308.npz,-1
track309.npz,-1
track31.npz,-1
track310.npz,-1
track311.npz,-1
track312.npz,-1
track313.npz,-1
track314.npz,-1
track315.npz,-1
track316.npz,-1
track317.npz,-1
track318.npz,-1
track319.npz,-1
track32.npz,-1
track320.npz,-1
track321.npz,-1
track322.npz,-1
track323.npz,-1
track324.npz,-1
track325.npz,-1
track326.npz,-1
track327.npz,-1
track328.npz,-1
track329.npz,-1
track33.npz,-1
track330.npz,-1
track331.npz,-1
track332.npz,-1
track333.npz,-1
track334.npz,-1
track335.npz,-1
track336.npz,-1
track337.npz,-1
track338.npz,-1
track34.npz,-1
track340.npz,-1
track342.npz,-1
track343.npz,-1
track344.npz,-1
track345.npz,-1
track346.npz,-1
track347.npz,-1
track348.npz,-1
track349.npz,-1
track35.npz,-1
track350.npz,-1
track351.npz,-1
track352.npz,-1
track353.npz,-1
track354.npz,-1
track355.npz,-1
track356.npz,-1
track357.npz,-1
track358.npz,-1
track359.npz,-1
track36.npz,-1
track360.npz,-1
track361.npz,-1
track362.npz,-1
track363.npz,-1
track364.npz,-1
track365.npz,-1
track366.npz,-1
track367.npz,-1
track37.npz,-1
track38.npz,-1
track39.npz,-1
track4.npz,-1
track40.npz,-1
track41.npz,-1
track42.npz,-1
track43.npz,-1
track44.npz,-1
track45.npz,-1
track46.npz,-1
track47.npz,-1
track48.npz,-1
track49.npz,-1
track5.npz,-1
track50.npz,-1
track51.npz,-1
track52.npz,-1
track53.npz,-1
track54.npz,-1
track55.npz,-1
track56.npz,-1
track57.npz,-1
track58.npz,-1
track59.npz,-1
track6.npz,-1
track60.npz,-1
track61.npz,-1
track62.npz,-1
track63.npz,-1
track64.npz,-1
track65.npz,-1
track66.npz,-1
track67.npz,-1
track68.npz,-1
track69.npz,-1
track7.npz,-1
track70.npz,-1
track71.npz,-1
track72.npz,-1
track73.npz,-1
track74.npz,-1
track75.npz,-1
track76.npz,-1
track77.npz,-1
track78.npz,-1
track79.npz,-1
track8.npz,-1
track80.npz,-1
track81.npz,-1
track82.npz,-1
track83.npz,-1
track84.npz,-1
track85.npz,-1
track87.npz,-1
track88.npz,-1
track89.npz,-1
track9.npz,-1
track90.npz,-1
track91.npz,-1
track92.npz,-1
track93.npz,-1
track95.npz,-1
track96.npz,-1
track97.npz,-1
track98.npz,-1
track99.npz,-1
